row,col,x,y
0,0,16.000,22.000
0,1,37.167,21.938
0,2,58.333,21.875
0,3,79.500,21.812
0,4,100.667,21.750
0,5,121.833,21.687
0,6,143.000,21.625
0,7,164.167,21.563
0,8,185.333,21.500
0,9,206.500,21.438
0,10,227.667,21.375
0,11,248.833,21.312
0,12,270.000,21.250
0,13,291.167,21.188
0,14,312.333,21.125
0,15,333.500,21.062
0,16,354.667,21.000
0,17,375.833,20.938
0,18,397.000,20.875
0,19,418.167,20.812
0,20,439.333,20.750
0,21,460.500,20.688
0,22,481.667,20.625
0,23,502.833,20.562
0,24,524.000,20.500
0,25,545.167,20.438
0,26,566.333,20.375
0,27,587.500,20.312
0,28,608.667,20.250
0,29,629.833,20.188
0,30,651.000,20.125
0,31,672.167,20.062
0,32,693.333,20.000
0,33,714.500,19.938
0,34,735.667,19.875
0,35,756.833,19.812
0,36,778.000,19.750
0,37,799.167,19.688
0,38,820.333,19.625
0,39,841.500,19.562
0,40,862.667,19.500
0,41,883.833,19.438
0,42,905.000,19.375
0,43,926.167,19.312
0,44,947.333,19.250
0,45,968.500,19.188
0,46,989.667,19.125
0,47,1010.833,19.063
0,48,1032.000,19.000
1,0,16.065,36.323
1,1,37.229,36.261
1,2,58.394,36.200
1,3,79.558,36.139
1,4,100.723,36.078
1,5,121.888,36.017
1,6,143.052,35.956
1,7,164.217,35.894
1,8,185.382,35.833
1,9,206.546,35.772
1,10,227.711,35.711
1,11,248.876,35.650
1,12,270.040,35.589
1,13,291.205,35.528
1,14,312.370,35.466
1,15,333.534,35.405
1,16,354.699,35.344
1,17,375.864,35.283
1,18,397.028,35.222
1,19,418.193,35.161
1,20,439.358,35.099
1,21,460.522,35.038
1,22,481.687,34.977
1,23,502.852,34.916
1,24,524.016,34.855
1,25,545.181,34.794
1,26,566.345,34.733
1,27,587.510,34.671
1,28,608.675,34.610
1,29,629.839,34.549
1,30,651.004,34.488
1,31,672.169,34.427
1,32,693.333,34.366
1,33,714.498,34.304
1,34,735.663,34.243
1,35,756.827,34.182
1,36,777.992,34.121
1,37,799.157,34.060
1,38,820.321,33.999
1,39,841.486,33.938
1,40,862.651,33.876
1,41,883.815,33.815
1,42,904.980,33.754
1,43,926.145,33.693
1,44,947.309,33.632
1,45,968.474,33.571
1,46,989.638,33.509
1,47,1010.803,33.448
1,48,1031.968,33.387
2,0,16.129,50.645
2,1,37.292,50.585
2,2,58.454,50.526
2,3,79.617,50.466
2,4,100.780,50.406
2,5,121.942,50.346
2,6,143.105,50.286
2,7,164.267,50.226
2,8,185.430,50.167
2,9,206.593,50.107
2,10,227.755,50.047
2,11,248.918,49.987
2,12,270.081,49.927
2,13,291.243,49.868
2,14,312.406,49.808
2,15,333.569,49.748
2,16,354.731,49.688
2,17,375.894,49.628
2,18,397.056,49.569
2,19,418.219,49.509
2,20,439.382,49.449
2,21,460.544,49.389
2,22,481.707,49.329
2,23,502.870,49.269
2,24,524.032,49.210
2,25,545.195,49.150
2,26,566.358,49.090
2,27,587.520,49.030
2,28,608.683,48.970
2,29,629.845,48.911
2,30,651.008,48.851
2,31,672.171,48.791
2,32,693.333,48.731
2,33,714.496,48.671
2,34,735.659,48.612
2,35,756.821,48.552
2,36,777.984,48.492
2,37,799.147,48.432
2,38,820.309,48.372
2,39,841.472,48.312
2,40,862.634,48.253
2,41,883.797,48.193
2,42,904.960,48.133
2,43,926.122,48.073
2,44,947.285,48.013
2,45,968.448,47.954
2,46,989.610,47.894
2,47,1010.773,47.834
2,48,1031.936,47.774
3,0,16.194,64.968
3,1,37.354,64.909
3,2,58.515,64.851
3,3,79.675,64.792
3,4,100.836,64.734
3,5,121.997,64.675
3,6,143.157,64.617
3,7,164.318,64.558
3,8,185.479,64.500
3,9,206.639,64.442
3,10,227.800,64.383
3,11,248.960,64.325
3,12,270.121,64.266
3,13,291.282,64.208
3,14,312.442,64.149
3,15,333.603,64.091
3,16,354.763,64.032
3,17,375.924,63.974
3,18,397.085,63.915
3,19,418.245,63.857
3,20,439.406,63.798
3,21,460.566,63.740
3,22,481.727,63.681
3,23,502.888,63.623
3,24,524.048,63.565
3,25,545.209,63.506
3,26,566.370,63.448
3,27,587.530,63.389
3,28,608.691,63.331
3,29,629.852,63.272
3,30,651.012,63.214
3,31,672.173,63.155
3,32,693.333,63.097
3,33,714.494,63.038
3,34,735.655,62.980
3,35,756.815,62.921
3,36,777.976,62.863
3,37,799.136,62.804
3,38,820.297,62.746
3,39,841.458,62.688
3,40,862.618,62.629
3,41,883.779,62.571
3,42,904.939,62.512
3,43,926.100,62.454
3,44,947.261,62.395
3,45,968.421,62.337
3,46,989.582,62.278
3,47,1010.743,62.220
3,48,1031.903,62.161
4,0,16.258,79.290
4,1,37.417,79.233
4,2,58.575,79.176
4,3,79.734,79.119
4,4,100.892,79.062
4,5,122.051,79.005
4,6,143.210,78.948
4,7,164.368,78.890
4,8,185.527,78.833
4,9,206.685,78.776
4,10,227.844,78.719
4,11,249.003,78.662
4,12,270.161,78.605
4,13,291.320,78.548
4,14,312.478,78.491
4,15,333.637,78.433
4,16,354.796,78.376
4,17,375.954,78.319
4,18,397.113,78.262
4,19,418.272,78.205
4,20,439.430,78.148
4,21,460.589,78.091
4,22,481.747,78.034
4,23,502.906,77.976
4,24,524.065,77.919
4,25,545.223,77.862
4,26,566.382,77.805
4,27,587.540,77.748
4,28,608.699,77.691
4,29,629.858,77.634
4,30,651.016,77.577
4,31,672.175,77.519
4,32,693.333,77.462
4,33,714.492,77.405
4,34,735.651,77.348
4,35,756.809,77.291
4,36,777.968,77.234
4,37,799.126,77.177
4,38,820.285,77.120
4,39,841.444,77.062
4,40,862.602,77.005
4,41,883.761,76.948
4,42,904.919,76.891
4,43,926.078,76.834
4,44,947.237,76.777
4,45,968.395,76.720
4,46,989.554,76.663
4,47,1010.712,76.606
4,48,1031.871,76.548
5,0,16.323,93.613
5,1,37.479,93.557
5,2,58.636,93.501
5,3,79.792,93.446
5,4,100.949,93.390
5,5,122.105,93.334
5,6,143.262,93.278
5,7,164.419,93.222
5,8,185.575,93.167
5,9,206.732,93.111
5,10,227.888,93.055
5,11,249.045,92.999
5,12,270.202,92.944
5,13,291.358,92.888
5,14,312.515,92.832
5,15,333.671,92.776
5,16,354.828,92.720
5,17,375.984,92.665
5,18,397.141,92.609
5,19,418.298,92.553
5,20,439.454,92.497
5,21,460.611,92.442
5,22,481.767,92.386
5,23,502.924,92.330
5,24,524.081,92.274
5,25,545.237,92.218
5,26,566.394,92.163
5,27,587.550,92.107
5,28,608.707,92.051
5,29,629.864,91.995
5,30,651.020,91.940
5,31,672.177,91.884
5,32,693.333,91.828
5,33,714.490,91.772
5,34,735.646,91.716
5,35,756.803,91.661
5,36,777.960,91.605
5,37,799.116,91.549
5,38,820.273,91.493
5,39,841.429,91.438
5,40,862.586,91.382
5,41,883.743,91.326
5,42,904.899,91.270
5,43,926.056,91.214
5,44,947.212,91.159
5,45,968.369,91.103
5,46,989.525,91.047
5,47,1010.682,90.991
5,48,1031.839,90.935
6,0,16.387,107.935
6,1,37.542,107.881
6,2,58.696,107.827
6,3,79.851,107.772
6,4,101.005,107.718
6,5,122.160,107.663
6,6,143.315,107.609
6,7,164.469,107.554
6,8,185.624,107.500
6,9,206.778,107.446
6,10,227.933,107.391
6,11,249.087,107.337
6,12,270.242,107.282
6,13,291.396,107.228
6,14,312.551,107.173
6,15,333.706,107.119
6,16,354.860,107.065
6,17,376.015,107.010
6,18,397.169,106.956
6,19,418.324,106.901
6,20,439.478,106.847
6,21,460.633,106.792
6,22,481.788,106.738
6,23,502.942,106.683
6,24,524.097,106.629
6,25,545.251,106.575
6,26,566.406,106.520
6,27,587.560,106.466
6,28,608.715,106.411
6,29,629.870,106.357
6,30,651.024,106.302
6,31,672.179,106.248
6,32,693.333,106.194
6,33,714.488,106.139
6,34,735.642,106.085
6,35,756.797,106.030
6,36,777.952,105.976
6,37,799.106,105.921
6,38,820.261,105.867
6,39,841.415,105.812
6,40,862.570,105.758
6,41,883.724,105.704
6,42,904.879,105.649
6,43,926.034,105.595
6,44,947.188,105.540
6,45,968.343,105.486
6,46,989.497,105.431
6,47,1010.652,105.377
6,48,1031.806,105.323
7,0,16.452,122.258
7,1,37.604,122.205
7,2,58.757,122.152
7,3,79.909,122.099
7,4,101.062,122.046
7,5,122.214,121.993
7,6,143.367,121.940
7,7,164.519,121.886
7,8,185.672,121.833
7,9,206.825,121.780
7,10,227.977,121.727
7,11,249.130,121.674
7,12,270.282,121.621
7,13,291.435,121.568
7,14,312.587,121.515
7,15,333.740,121.462
7,16,354.892,121.409
7,17,376.045,121.355
7,18,397.198,121.302
7,19,418.350,121.249
7,20,439.503,121.196
7,21,460.655,121.143
7,22,481.808,121.090
7,23,502.960,121.037
7,24,524.113,120.984
7,25,545.265,120.931
7,26,566.418,120.878
7,27,587.571,120.825
7,28,608.723,120.771
7,29,629.876,120.718
7,30,651.028,120.665
7,31,672.181,120.612
7,32,693.333,120.559
7,33,714.486,120.506
7,34,735.638,120.453
7,35,756.791,120.400
7,36,777.944,120.347
7,37,799.096,120.294
7,38,820.249,120.241
7,39,841.401,120.188
7,40,862.554,120.134
7,41,883.706,120.081
7,42,904.859,120.028
7,43,926.011,119.975
7,44,947.164,119.922
7,45,968.316,119.869
7,46,989.469,119.816
7,47,1010.622,119.763
7,48,1031.774,119.710
8,0,16.516,136.581
8,1,37.667,136.529
8,2,58.817,136.477
8,3,79.968,136.425
8,4,101.118,136.374
8,5,122.269,136.322
8,6,143.419,136.270
8,7,164.570,136.218
8,8,185.720,136.167
8,9,206.871,136.115
8,10,228.021,136.063
8,11,249.172,136.011
8,12,270.323,135.960
8,13,291.473,135.908
8,14,312.624,135.856
8,15,333.774,135.804
8,16,354.925,135.753
8,17,376.075,135.701
8,18,397.226,135.649
8,19,418.376,135.597
8,20,439.527,135.546
8,21,460.677,135.494
8,22,481.828,135.442
8,23,502.978,135.390
8,24,524.129,135.339
8,25,545.280,135.287
8,26,566.430,135.235
8,27,587.581,135.183
8,28,608.731,135.132
8,29,629.882,135.080
8,30,651.032,135.028
8,31,672.183,134.976
8,32,693.333,134.925
8,33,714.484,134.873
8,34,735.634,134.821
8,35,756.785,134.770
8,36,777.935,134.718
8,37,799.086,134.666
8,38,820.237,134.614
8,39,841.387,134.562
8,40,862.538,134.511
8,41,883.688,134.459
8,42,904.839,134.407
8,43,925.989,134.355
8,44,947.140,134.304
8,45,968.290,134.252
8,46,989.441,134.200
8,47,1010.591,134.149
8,48,1031.742,134.097
9,0,16.581,150.903
9,1,37.729,150.853
9,2,58.878,150.802
9,3,80.026,150.752
9,4,101.175,150.702
9,5,122.323,150.651
9,6,143.472,150.601
9,7,164.620,150.550
9,8,185.769,150.500
9,9,206.917,150.450
9,10,228.066,150.399
9,11,249.214,150.349
9,12,270.363,150.298
9,13,291.511,150.248
9,14,312.660,150.198
9,15,333.809,150.147
9,16,354.957,150.097
9,17,376.106,150.046
9,18,397.254,149.996
9,19,418.403,149.946
9,20,439.551,149.895
9,21,460.700,149.845
9,22,481.848,149.794
9,23,502.997,149.744
9,24,524.145,149.694
9,25,545.294,149.643
9,26,566.442,149.593
9,27,587.591,149.542
9,28,608.739,149.492
9,29,629.888,149.442
9,30,651.036,149.391
9,31,672.185,149.341
9,32,693.333,149.290
9,33,714.482,149.240
9,34,735.630,149.190
9,35,756.779,149.139
9,36,777.927,149.089
9,37,799.076,149.038
9,38,820.224,148.988
9,39,841.373,148.938
9,40,862.521,148.887
9,41,883.670,148.837
9,42,904.819,148.786
9,43,925.967,148.736
9,44,947.116,148.685
9,45,968.264,148.635
9,46,989.413,148.585
9,47,1010.561,148.534
9,48,1031.710,148.484
10,0,16.645,165.226
10,1,37.792,165.177
10,2,58.938,165.128
10,3,80.085,165.079
10,4,101.231,165.030
10,5,122.378,164.980
10,6,143.524,164.931
10,7,164.671,164.882
10,8,185.817,164.833
10,9,206.964,164.784
10,10,228.110,164.735
10,11,249.257,164.686
10,12,270.403,164.637
10,13,291.550,164.588
10,14,312.696,164.539
10,15,333.843,164.490
10,16,354.989,164.441
10,17,376.136,164.392
10,18,397.282,164.343
10,19,418.429,164.294
10,20,439.575,164.245
10,21,460.722,164.196
10,22,481.868,164.147
10,23,503.015,164.097
10,24,524.161,164.048
10,25,545.308,163.999
10,26,566.454,163.950
10,27,587.601,163.901
10,28,608.747,163.852
10,29,629.894,163.803
10,30,651.040,163.754
10,31,672.187,163.705
10,32,693.333,163.656
10,33,714.480,163.607
10,34,735.626,163.558
10,35,756.773,163.509
10,36,777.919,163.460
10,37,799.066,163.411
10,38,820.212,163.362
10,39,841.359,163.313
10,40,862.505,163.263
10,41,883.652,163.214
10,42,904.798,163.165
10,43,925.945,163.116
10,44,947.091,163.067
10,45,968.238,163.018
10,46,989.384,162.969
10,47,1010.531,162.920
10,48,1031.677,162.871
11,0,16.710,179.548
11,1,37.854,179.501
11,2,58.999,179.453
11,3,80.143,179.405
11,4,101.288,179.358
11,5,122.432,179.310
11,6,143.577,179.262
11,7,164.721,179.214
11,8,185.866,179.167
11,9,207.010,179.119
11,10,228.155,179.071
11,11,249.299,179.024
11,12,270.444,178.976
11,13,291.588,178.928
11,14,312.733,178.880
11,15,333.877,178.833
11,16,355.021,178.785
11,17,376.166,178.737
11,18,397.310,178.689
11,19,418.455,178.642
11,20,439.599,178.594
11,21,460.744,178.546
11,22,481.888,178.499
11,23,503.033,178.451
11,24,524.177,178.403
11,25,545.322,178.355
11,26,566.466,178.308
11,27,587.611,178.260
11,28,608.755,178.212
11,29,629.900,178.165
11,30,651.044,178.117
11,31,672.189,178.069
11,32,693.333,178.021
11,33,714.478,177.974
11,34,735.622,177.926
11,35,756.767,177.878
11,36,777.911,177.831
11,37,799.056,177.783
11,38,820.200,177.735
11,39,841.345,177.688
11,40,862.489,177.640
11,41,883.634,177.592
11,42,904.778,177.544
11,43,925.923,177.497
11,44,947.067,177.449
11,45,968.212,177.401
11,46,989.356,177.353
11,47,1010.501,177.306
11,48,1031.645,177.258
12,0,16.774,193.871
12,1,37.917,193.825
12,2,59.059,193.778
12,3,80.202,193.732
12,4,101.344,193.685
12,5,122.487,193.639
12,6,143.629,193.593
12,7,164.771,193.546
12,8,185.914,193.500
12,9,207.056,193.454
12,10,228.199,193.407
12,11,249.341,193.361
12,12,270.484,193.314
12,13,291.626,193.268
12,14,312.769,193.222
12,15,333.911,193.175
12,16,355.054,193.129
12,17,376.196,193.083
12,18,397.339,193.036
12,19,418.481,192.990
12,20,439.624,192.944
12,21,460.766,192.897
12,22,481.909,192.851
12,23,503.051,192.804
12,24,524.194,192.758
12,25,545.336,192.712
12,26,566.479,192.665
12,27,587.621,192.619
12,28,608.763,192.573
12,29,629.906,192.526
12,30,651.048,192.480
12,31,672.191,192.433
12,32,693.333,192.387
12,33,714.476,192.341
12,34,735.618,192.294
12,35,756.761,192.248
12,36,777.903,192.202
12,37,799.046,192.155
12,38,820.188,192.109
12,39,841.331,192.062
12,40,862.473,192.016
12,41,883.616,191.970
12,42,904.758,191.923
12,43,925.901,191.877
12,44,947.043,191.831
12,45,968.185,191.784
12,46,989.328,191.738
12,47,1010.470,191.692
12,48,1031.613,191.645
13,0,16.839,208.194
13,1,37.979,208.149
13,2,59.120,208.103
13,3,80.260,208.058
13,4,101.401,208.013
13,5,122.541,207.968
13,6,143.681,207.923
13,7,164.822,207.878
13,8,185.962,207.833
13,9,207.103,207.788
13,10,228.243,207.743
13,11,249.384,207.698
13,12,270.524,207.653
13,13,291.665,207.608
13,14,312.805,207.563
13,15,333.946,207.518
13,16,355.086,207.473
13,17,376.226,207.428
13,18,397.367,207.383
13,19,418.507,207.338
13,20,439.648,207.293
13,21,460.788,207.248
13,22,481.929,207.203
13,23,503.069,207.158
13,24,524.210,207.113
13,25,545.350,207.068
13,26,566.491,207.023
13,27,587.631,206.978
13,28,608.771,206.933
13,29,629.912,206.888
13,30,651.052,206.843
13,31,672.193,206.798
13,32,693.333,206.753
13,33,714.474,206.708
13,34,735.614,206.663
13,35,756.755,206.618
13,36,777.895,206.573
13,37,799.036,206.528
13,38,820.176,206.483
13,39,841.316,206.438
13,40,862.457,206.392
13,41,883.597,206.347
13,42,904.738,206.302
13,43,925.878,206.257
13,44,947.019,206.212
13,45,968.159,206.167
13,46,989.300,206.122
13,47,1010.440,206.077
13,48,1031.581,206.032
14,0,16.903,222.516
14,1,38.042,222.472
14,2,59.180,222.429
14,3,80.319,222.385
14,4,101.457,222.341
14,5,122.595,222.298
14,6,143.734,222.254
14,7,164.872,222.210
14,8,186.011,222.167
14,9,207.149,222.123
14,10,228.288,222.079
14,11,249.426,222.036
14,12,270.565,221.992
14,13,291.703,221.948
14,14,312.841,221.905
14,15,333.980,221.861
14,16,355.118,221.817
14,17,376.257,221.773
14,18,397.395,221.730
14,19,418.534,221.686
14,20,439.672,221.642
14,21,460.810,221.599
14,22,481.949,221.555
14,23,503.087,221.511
14,24,524.226,221.468
14,25,545.364,221.424
14,26,566.503,221.380
14,27,587.641,221.337
14,28,608.780,221.293
14,29,629.918,221.249
14,30,651.056,221.206
14,31,672.195,221.162
14,32,693.333,221.118
14,33,714.472,221.075
14,34,735.610,221.031
14,35,756.749,220.987
14,36,777.887,220.944
14,37,799.025,220.900
14,38,820.164,220.856
14,39,841.302,220.812
14,40,862.441,220.769
14,41,883.579,220.725
14,42,904.718,220.681
14,43,925.856,220.638
14,44,946.995,220.594
14,45,968.133,220.550
14,46,989.271,220.507
14,47,1010.410,220.463
14,48,1031.548,220.419
15,0,16.968,236.839
15,1,38.104,236.796
15,2,59.241,236.754
15,3,80.377,236.712
15,4,101.513,236.669
15,5,122.650,236.627
15,6,143.786,236.585
15,7,164.923,236.542
15,8,186.059,236.500
15,9,207.196,236.458
15,10,228.332,236.415
15,11,249.468,236.373
15,12,270.605,236.331
15,13,291.741,236.288
15,14,312.878,236.246
15,15,334.014,236.204
15,16,355.151,236.161
15,17,376.287,236.119
15,18,397.423,236.077
15,19,418.560,236.034
15,20,439.696,235.992
15,21,460.833,235.950
15,22,481.969,235.907
15,23,503.105,235.865
15,24,524.242,235.823
15,25,545.378,235.780
15,26,566.515,235.738
15,27,587.651,235.696
15,28,608.788,235.653
15,29,629.924,235.611
15,30,651.060,235.569
15,31,672.197,235.526
15,32,693.333,235.484
15,33,714.470,235.442
15,34,735.606,235.399
15,35,756.743,235.357
15,36,777.879,235.315
15,37,799.015,235.272
15,38,820.152,235.230
15,39,841.288,235.188
15,40,862.425,235.145
15,41,883.561,235.103
15,42,904.698,235.061
15,43,925.834,235.018
15,44,946.970,234.976
15,45,968.107,234.933
15,46,989.243,234.891
15,47,1010.380,234.849
15,48,1031.516,234.806
16,0,17.032,251.161
16,1,38.167,251.120
16,2,59.301,251.079
16,3,80.435,251.038
16,4,101.570,250.997
16,5,122.704,250.956
16,6,143.839,250.915
16,7,164.973,250.874
16,8,186.108,250.833
16,9,207.242,250.792
16,10,228.376,250.751
16,11,249.511,250.710
16,12,270.645,250.669
16,13,291.780,250.628
16,14,312.914,250.587
16,15,334.048,250.546
16,16,355.183,250.505
16,17,376.317,250.464
16,18,397.452,250.423
16,19,418.586,250.382
16,20,439.720,250.341
16,21,460.855,250.300
16,22,481.989,250.259
16,23,503.124,250.218
16,24,524.258,250.177
16,25,545.392,250.136
16,26,566.527,250.095
16,27,587.661,250.054
16,28,608.796,250.013
16,29,629.930,249.972
16,30,651.065,249.931
16,31,672.199,249.890
16,32,693.333,249.849
16,33,714.468,249.808
16,34,735.602,249.767
16,35,756.737,249.726
16,36,777.871,249.685
16,37,799.005,249.644
16,38,820.140,249.604
16,39,841.274,249.562
16,40,862.409,249.521
16,41,883.543,249.481
16,42,904.677,249.439
16,43,925.812,249.398
16,44,946.946,249.358
16,45,968.081,249.317
16,46,989.215,249.276
16,47,1010.350,249.235
16,48,1031.484,249.194
17,0,17.097,265.484
17,1,38.229,265.444
17,2,59.362,265.405
17,3,80.494,265.365
17,4,101.626,265.325
17,5,122.759,265.286
17,6,143.891,265.246
17,7,165.024,265.206
17,8,186.156,265.167
17,9,207.288,265.127
17,10,228.421,265.087
17,11,249.553,265.048
17,12,270.685,265.008
17,13,291.818,264.968
17,14,312.950,264.929
17,15,334.083,264.889
17,16,355.215,264.849
17,17,376.347,264.810
17,18,397.480,264.770
17,19,418.612,264.731
17,20,439.745,264.691
17,21,460.877,264.651
17,22,482.009,264.612
17,23,503.142,264.572
17,24,524.274,264.532
17,25,545.407,264.493
17,26,566.539,264.453
17,27,587.671,264.413
17,28,608.804,264.374
17,29,629.936,264.334
17,30,651.069,264.294
17,31,672.201,264.255
17,32,693.333,264.215
17,33,714.466,264.175
17,34,735.598,264.136
17,35,756.731,264.096
17,36,777.863,264.056
17,37,798.995,264.017
17,38,820.128,263.977
17,39,841.260,263.938
17,40,862.393,263.898
17,41,883.525,263.858
17,42,904.657,263.819
17,43,925.790,263.779
17,44,946.922,263.739
17,45,968.055,263.700
17,46,989.187,263.660
17,47,1010.319,263.620
17,48,1031.452,263.581
18,0,17.161,279.806
18,1,38.292,279.768
18,2,59.422,279.730
18,3,80.552,279.691
18,4,101.683,279.653
18,5,122.813,279.615
18,6,143.944,279.577
18,7,165.074,279.538
18,8,186.204,279.500
18,9,207.335,279.462
18,10,228.465,279.423
18,11,249.595,279.385
18,12,270.726,279.347
18,13,291.856,279.308
18,14,312.987,279.270
18,15,334.117,279.232
18,16,355.247,279.194
18,17,376.378,279.155
18,18,397.508,279.117
18,19,418.638,279.079
18,20,439.769,279.040
18,21,460.899,279.002
18,22,482.030,278.964
18,23,503.160,278.925
18,24,524.290,278.887
18,25,545.421,278.849
18,26,566.551,278.810
18,27,587.681,278.772
18,28,608.812,278.734
18,29,629.942,278.696
18,30,651.073,278.657
18,31,672.203,278.619
18,32,693.333,278.581
18,33,714.464,278.542
18,34,735.594,278.504
18,35,756.724,278.466
18,36,777.855,278.427
18,37,798.985,278.389
18,38,820.116,278.351
18,39,841.246,278.312
18,40,862.376,278.274
18,41,883.507,278.236
18,42,904.637,278.198
18,43,925.767,278.159
18,44,946.898,278.121
18,45,968.028,278.083
18,46,989.159,278.044
18,47,1010.289,278.006
18,48,1031.419,277.968
19,0,17.226,294.129
19,1,38.354,294.092
19,2,59.483,294.055
19,3,80.611,294.018
19,4,101.739,293.981
19,5,122.868,293.944
19,6,143.996,293.907
19,7,165.124,293.870
19,8,186.253,293.833
19,9,207.381,293.796
19,10,228.509,293.759
19,11,249.638,293.722
19,12,270.766,293.685
19,13,291.895,293.649
19,14,313.023,293.612
19,15,334.151,293.575
19,16,355.280,293.538
19,17,376.408,293.501
19,18,397.536,293.464
19,19,418.665,293.427
19,20,439.793,293.390
19,21,460.921,293.353
19,22,482.050,293.316
19,23,503.178,293.279
19,24,524.306,293.242
19,25,545.435,293.205
19,26,566.563,293.168
19,27,587.692,293.131
19,28,608.820,293.094
19,29,629.948,293.057
19,30,651.077,293.020
19,31,672.205,292.983
19,32,693.333,292.946
19,33,714.462,292.909
19,34,735.590,292.872
19,35,756.718,292.835
19,36,777.847,292.798
19,37,798.975,292.761
19,38,820.103,292.724
19,39,841.232,292.688
19,40,862.360,292.651
19,41,883.489,292.614
19,42,904.617,292.577
19,43,925.745,292.540
19,44,946.874,292.503
19,45,968.002,292.466
19,46,989.130,292.429
19,47,1010.259,292.392
19,48,1031.387,292.355
20,0,17.290,308.452
20,1,38.417,308.416
20,2,59.543,308.380
20,3,80.669,308.345
20,4,101.796,308.309
20,5,122.922,308.273
20,6,144.048,308.238
20,7,165.175,308.202
20,8,186.301,308.167
20,9,207.427,308.131
20,10,228.554,308.095
20,11,249.680,308.060
20,12,270.806,308.024
20,13,291.933,307.989
20,14,313.059,307.953
20,15,334.185,307.917
20,16,355.312,307.882
20,17,376.438,307.846
20,18,397.564,307.810
20,19,418.691,307.775
20,20,439.817,307.739
20,21,460.944,307.704
20,22,482.070,307.668
20,23,503.196,307.632
20,24,524.323,307.597
20,25,545.449,307.561
20,26,566.575,307.526
20,27,587.702,307.490
20,28,608.828,307.454
20,29,629.954,307.419
20,30,651.081,307.383
20,31,672.207,307.347
20,32,693.333,307.312
20,33,714.460,307.276
20,34,735.586,307.241
20,35,756.712,307.205
20,36,777.839,307.169
20,37,798.965,307.134
20,38,820.091,307.098
20,39,841.218,307.062
20,40,862.344,307.027
20,41,883.470,306.991
20,42,904.597,306.956
20,43,925.723,306.920
20,44,946.849,306.884
20,45,967.976,306.849
20,46,989.102,306.813
20,47,1010.228,306.778
20,48,1031.355,306.742
21,0,17.355,322.774
21,1,38.479,322.740
21,2,59.604,322.706
21,3,80.728,322.671
21,4,101.852,322.637
21,5,122.976,322.603
21,6,144.101,322.569
21,7,165.225,322.534
21,8,186.349,322.500
21,9,207.474,322.466
21,10,228.598,322.431
21,11,249.722,322.397
21,12,270.847,322.363
21,13,291.971,322.329
21,14,313.095,322.294
21,15,334.220,322.260
21,16,355.344,322.226
21,17,376.468,322.192
21,18,397.593,322.157
21,19,418.717,322.123
21,20,439.841,322.089
21,21,460.966,322.054
21,22,482.090,322.020
21,23,503.214,321.986
21,24,524.339,321.952
21,25,545.463,321.917
21,26,566.587,321.883
21,27,587.712,321.849
21,28,608.836,321.815
21,29,629.960,321.780
21,30,651.085,321.746
21,31,672.209,321.712
21,32,693.333,321.677
21,33,714.458,321.643
21,34,735.582,321.609
21,35,756.706,321.575
21,36,777.831,321.540
21,37,798.955,321.506
21,38,820.079,321.472
21,39,841.204,321.438
21,40,862.328,321.403
21,41,883.452,321.369
21,42,904.577,321.335
21,43,925.701,321.300
21,44,946.825,321.266
21,45,967.950,321.232
21,46,989.074,321.198
21,47,1010.198,321.163
21,48,1031.323,321.129
22,0,17.419,337.097
22,1,38.542,337.064
22,2,59.664,337.031
22,3,80.786,336.998
22,4,101.909,336.965
22,5,123.031,336.932
22,6,144.153,336.899
22,7,165.276,336.866
22,8,186.398,336.833
22,9,207.520,336.800
22,10,228.642,336.767
22,11,249.765,336.734
22,12,270.887,336.702
22,13,292.009,336.669
22,14,313.132,336.636
22,15,334.254,336.603
22,16,355.376,336.570
22,17,376.499,336.537
22,18,397.621,336.504
22,19,418.743,336.471
22,20,439.866,336.438
22,21,460.988,336.405
22,22,482.110,336.372
22,23,503.232,336.339
22,24,524.355,336.306
22,25,545.477,336.273
22,26,566.599,336.241
22,27,587.722,336.208
22,28,608.844,336.175
22,29,629.966,336.142
22,30,651.089,336.109
22,31,672.211,336.076
22,32,693.333,336.043
22,33,714.456,336.010
22,34,735.578,335.977
22,35,756.700,335.944
22,36,777.823,335.911
22,37,798.945,335.878
22,38,820.067,335.845
22,39,841.189,335.812
22,40,862.312,335.780
22,41,883.434,335.747
22,42,904.556,335.714
22,43,925.679,335.681
22,44,946.801,335.648
22,45,967.923,335.615
22,46,989.046,335.582
22,47,1010.168,335.549
22,48,1031.290,335.516
23,0,17.484,351.419
23,1,38.604,351.388
23,2,59.724,351.356
23,3,80.845,351.325
23,4,101.965,351.293
23,5,123.085,351.261
23,6,144.206,351.230
23,7,165.326,351.198
23,8,186.446,351.167
23,9,207.567,351.135
23,10,228.687,351.104
23,11,249.807,351.072
23,12,270.927,351.040
23,13,292.048,351.009
23,14,313.168,350.977
23,15,334.288,350.946
23,16,355.409,350.914
23,17,376.529,350.882
23,18,397.649,350.851
23,19,418.770,350.819
23,20,439.890,350.788
23,21,461.010,350.756
23,22,482.130,350.724
23,23,503.251,350.693
23,24,524.371,350.661
23,25,545.491,350.630
23,26,566.612,350.598
23,27,587.732,350.567
23,28,608.852,350.535
23,29,629.972,350.503
23,30,651.093,350.472
23,31,672.213,350.440
23,32,693.333,350.409
23,33,714.454,350.377
23,34,735.574,350.345
23,35,756.694,350.314
23,36,777.815,350.282
23,37,798.935,350.251
23,38,820.055,350.219
23,39,841.175,350.188
23,40,862.296,350.156
23,41,883.416,350.124
23,42,904.536,350.093
23,43,925.657,350.061
23,44,946.777,350.030
23,45,967.897,349.998
23,46,989.017,349.966
23,47,1010.138,349.935
23,48,1031.258,349.903
24,0,17.548,365.742
24,1,38.667,365.712
24,2,59.785,365.681
24,3,80.903,365.651
24,4,102.022,365.621
24,5,123.140,365.591
24,6,144.258,365.560
24,7,165.376,365.530
24,8,186.495,365.500
24,9,207.613,365.470
24,10,228.731,365.440
24,11,249.849,365.409
24,12,270.968,365.379
24,13,292.086,365.349
24,14,313.204,365.319
24,15,334.323,365.288
24,16,355.441,365.258
24,17,376.559,365.228
24,18,397.677,365.198
24,19,418.796,365.167
24,20,439.914,365.137
24,21,461.032,365.107
24,22,482.151,365.077
24,23,503.269,365.046
24,24,524.387,365.016
24,25,545.505,364.986
24,26,566.624,364.956
24,27,587.742,364.925
24,28,608.860,364.895
24,29,629.979,364.865
24,30,651.097,364.835
24,31,672.215,364.804
24,32,693.333,364.774
24,33,714.452,364.744
24,34,735.570,364.714
24,35,756.688,364.683
24,36,777.806,364.653
24,37,798.925,364.623
24,38,820.043,364.593
24,39,841.161,364.562
24,40,862.280,364.532
24,41,883.398,364.502
24,42,904.516,364.472
24,43,925.634,364.441
24,44,946.753,364.411
24,45,967.871,364.381
24,46,988.989,364.351
24,47,1010.108,364.321
24,48,1031.226,364.290
25,0,17.613,380.065
25,1,38.729,380.036
25,2,59.845,380.007
25,3,80.962,379.978
25,4,102.078,379.949
25,5,123.194,379.920
25,6,144.310,379.891
25,7,165.427,379.862
25,8,186.543,379.833
25,9,207.659,379.804
25,10,228.776,379.776
25,11,249.892,379.747
25,12,271.008,379.718
25,13,292.124,379.689
25,14,313.241,379.660
25,15,334.357,379.631
25,16,355.473,379.602
25,17,376.589,379.573
25,18,397.706,379.544
25,19,418.822,379.515
25,20,439.938,379.487
25,21,461.054,379.458
25,22,482.171,379.429
25,23,503.287,379.400
25,24,524.403,379.371
25,25,545.519,379.342
25,26,566.636,379.313
25,27,587.752,379.284
25,28,608.868,379.255
25,29,629.985,379.227
25,30,651.101,379.198
25,31,672.217,379.169
25,32,693.333,379.140
25,33,714.450,379.111
25,34,735.566,379.082
25,35,756.682,379.053
25,36,777.798,379.024
25,37,798.915,378.995
25,38,820.031,378.966
25,39,841.147,378.938
25,40,862.263,378.909
25,41,883.380,378.880
25,42,904.496,378.851
25,43,925.612,378.822
25,44,946.728,378.793
25,45,967.845,378.764
25,46,988.961,378.735
25,47,1010.077,378.706
25,48,1031.193,378.677
26,0,17.677,394.387
26,1,38.792,394.360
26,2,59.906,394.332
26,3,81.020,394.304
26,4,102.134,394.277
26,5,123.249,394.249
26,6,144.363,394.222
26,7,165.477,394.194
26,8,186.591,394.167
26,9,207.706,394.139
26,10,228.820,394.112
26,11,249.934,394.084
26,12,271.048,394.056
26,13,292.163,394.029
26,14,313.277,394.001
26,15,334.391,393.974
26,16,355.505,393.946
26,17,376.620,393.919
26,18,397.734,393.891
26,19,418.848,393.864
26,20,439.962,393.836
26,21,461.077,393.808
26,22,482.191,393.781
26,23,503.305,393.753
26,24,524.419,393.726
26,25,545.534,393.698
26,26,566.648,393.671
26,27,587.762,393.643
26,28,608.876,393.616
26,29,629.991,393.588
26,30,651.105,393.560
26,31,672.219,393.533
26,32,693.333,393.505
26,33,714.448,393.478
26,34,735.562,393.450
26,35,756.676,393.423
26,36,777.790,393.395
26,37,798.905,393.368
26,38,820.019,393.340
26,39,841.133,393.312
26,40,862.247,393.285
26,41,883.362,393.257
26,42,904.476,393.230
26,43,925.590,393.202
26,44,946.704,393.175
26,45,967.819,393.147
26,46,988.933,393.120
26,47,1010.047,393.092
26,48,1031.161,393.065
27,0,17.742,408.710
27,1,38.854,408.684
27,2,59.966,408.657
27,3,81.079,408.631
27,4,102.191,408.605
27,5,123.303,408.579
27,6,144.415,408.552
27,7,165.528,408.526
27,8,186.640,408.500
27,9,207.752,408.474
27,10,228.864,408.448
27,11,249.976,408.421
27,12,271.089,408.395
27,13,292.201,408.369
27,14,313.313,408.343
27,15,334.425,408.317
27,16,355.538,408.290
27,17,376.650,408.264
27,18,397.762,408.238
27,19,418.874,408.212
27,20,439.987,408.185
27,21,461.099,408.159
27,22,482.211,408.133
27,23,503.323,408.107
27,24,524.435,408.081
27,25,545.548,408.054
27,26,566.660,408.028
27,27,587.772,408.002
27,28,608.884,407.976
27,29,629.997,407.950
27,30,651.109,407.923
27,31,672.221,407.897
27,32,693.333,407.871
27,33,714.446,407.845
27,34,735.558,407.819
27,35,756.670,407.792
27,36,777.782,407.766
27,37,798.894,407.740
27,38,820.007,407.714
27,39,841.119,407.687
27,40,862.231,407.661
27,41,883.343,407.635
27,42,904.456,407.609
27,43,925.568,407.583
27,44,946.680,407.556
27,45,967.792,407.530
27,46,988.905,407.504
27,47,1010.017,407.478
27,48,1031.129,407.452
28,0,17.806,423.032
28,1,38.917,423.007
28,2,60.027,422.982
28,3,81.137,422.958
28,4,102.247,422.933
28,5,123.358,422.908
28,6,144.468,422.883
28,7,165.578,422.858
28,8,186.688,422.833
28,9,207.798,422.808
28,10,228.909,422.784
28,11,250.019,422.759
28,12,271.129,422.734
28,13,292.239,422.709
28,14,313.349,422.684
28,15,334.460,422.659
28,16,355.570,422.634
28,17,376.680,422.610
28,18,397.790,422.585
28,19,418.901,422.560
28,20,440.011,422.535
28,21,461.121,422.510
28,22,482.231,422.485
28,23,503.341,422.460
28,24,524.452,422.435
28,25,545.562,422.411
28,26,566.672,422.386
28,27,587.782,422.361
28,28,608.892,422.336
28,29,630.003,422.311
28,30,651.113,422.286
28,31,672.223,422.261
28,32,693.333,422.237
28,33,714.443,422.212
28,34,735.554,422.187
28,35,756.664,422.162
28,36,777.774,422.137
28,37,798.884,422.112
28,38,819.995,422.087
28,39,841.105,422.062
28,40,862.215,422.038
28,41,883.325,422.013
28,42,904.435,421.988
28,43,925.546,421.963
28,44,946.656,421.938
28,45,967.766,421.913
28,46,988.876,421.888
28,47,1009.987,421.864
28,48,1031.097,421.839
29,0,17.871,437.355
29,1,38.979,437.331
29,2,60.087,437.308
29,3,81.196,437.284
29,4,102.304,437.261
29,5,123.412,437.237
29,6,144.520,437.214
29,7,165.628,437.190
29,8,186.737,437.167
29,9,207.845,437.143
29,10,228.953,437.120
29,11,250.061,437.096
29,12,271.169,437.073
29,13,292.278,437.049
29,14,313.386,437.026
29,15,334.494,437.002
29,16,355.602,436.978
29,17,376.710,436.955
29,18,397.819,436.931
29,19,418.927,436.908
29,20,440.035,436.884
29,21,461.143,436.861
29,22,482.251,436.837
29,23,503.360,436.814
29,24,524.468,436.790
29,25,545.576,436.767
29,26,566.684,436.743
29,27,587.792,436.720
29,28,608.901,436.696
29,29,630.009,436.673
29,30,651.117,436.649
29,31,672.225,436.626
29,32,693.333,436.602
29,33,714.442,436.579
29,34,735.550,436.555
29,35,756.658,436.532
29,36,777.766,436.508
29,37,798.874,436.485
29,38,819.983,436.461
29,39,841.091,436.438
29,40,862.199,436.414
29,41,883.307,436.390
29,42,904.415,436.367
29,43,925.524,436.343
29,44,946.632,436.320
29,45,967.740,436.296
29,46,988.848,436.273
29,47,1009.956,436.249
29,48,1031.065,436.226
30,0,17.935,451.677
30,1,39.042,451.655
30,2,60.148,451.633
30,3,81.254,451.611
30,4,102.360,451.589
30,5,123.466,451.567
30,6,144.573,451.544
30,7,165.679,451.522
30,8,186.785,451.500
30,9,207.891,451.478
30,10,228.997,451.456
30,11,250.104,451.433
30,12,271.210,451.411
30,13,292.316,451.389
30,14,313.422,451.367
30,15,334.528,451.345
30,16,355.634,451.323
30,17,376.741,451.300
30,18,397.847,451.278
30,19,418.953,451.256
30,20,440.059,451.234
30,21,461.165,451.212
30,22,482.272,451.190
30,23,503.378,451.167
30,24,524.484,451.145
30,25,545.590,451.123
30,26,566.696,451.101
30,27,587.802,451.079
30,28,608.909,451.056
30,29,630.015,451.034
30,30,651.121,451.012
30,31,672.227,450.990
30,32,693.333,450.968
30,33,714.440,450.946
30,34,735.546,450.923
30,35,756.652,450.901
30,36,777.758,450.879
30,37,798.864,450.857
30,38,819.970,450.835
30,39,841.077,450.812
30,40,862.183,450.790
30,41,883.289,450.768
30,42,904.395,450.746
30,43,925.501,450.724
30,44,946.608,450.702
30,45,967.714,450.679
30,46,988.820,450.657
30,47,1009.926,450.635
30,48,1031.032,450.613
31,0,18.000,466.000
31,1,39.104,465.979
31,2,60.208,465.958
31,3,81.312,465.938
31,4,102.417,465.917
31,5,123.521,465.896
31,6,144.625,465.875
31,7,165.729,465.854
31,8,186.833,465.833
31,9,207.938,465.812
31,10,229.042,465.792
31,11,250.146,465.771
31,12,271.250,465.750
31,13,292.354,465.729
31,14,313.458,465.708
31,15,334.562,465.688
31,16,355.667,465.667
31,17,376.771,465.646
31,18,397.875,465.625
31,19,418.979,465.604
31,20,440.083,465.583
31,21,461.188,465.562
31,22,482.292,465.542
31,23,503.396,465.521
31,24,524.500,465.500
31,25,545.604,465.479
31,26,566.708,465.458
31,27,587.812,465.438
31,28,608.917,465.417
31,29,630.021,465.396
31,30,651.125,465.375
31,31,672.229,465.354
31,32,693.333,465.333
31,33,714.438,465.312
31,34,735.542,465.292
31,35,756.646,465.271
31,36,777.750,465.250
31,37,798.854,465.229
31,38,819.958,465.208
31,39,841.062,465.188
31,40,862.167,465.167
31,41,883.271,465.146
31,42,904.375,465.125
31,43,925.479,465.104
31,44,946.583,465.083
31,45,967.688,465.062
31,46,988.792,465.042
31,47,1009.896,465.021
31,48,1031.000,465.000
